{"cameraMode":{"drawMode":0,"name":"Shaded","section":"Shading Mode"},"sceneLighting":true,"audioPlay":false,"sceneViewState":{"m_AlwaysRefresh":false,"showFog":true,"showSkybox":true,"showFlares":true,"showImageEffects":true,"showParticleSystems":true,"showVisualEffectGraphs":true,"m_FxEnabled":true},"in2DMode":false,"pivot":{"x":0.0000010728836059570313,"y":1.2460898160934449,"z":0.45644229650497439},"rotation":{"x":0.007666352670639753,"y":-0.9897522330284119,"z":0.05827411264181137,"w":0.13019384443759919},"size":2.2763352394104006,"orthographic":false}